factor_idx(1-),threshold(<=),similarity,common,unique_orbs,unique_dm,orbs_size,dm_size
0,1.1,0.25,5,0,15,5,20
3,0.14285714285714285,0.2631578947368421,5,0,14,5,19
20,0.1,0.2777777777777778,5,0,13,5,18
21,0.1,0.29411764705882354,5,0,12,5,17
7,0.08333333333333333,0.3333333333333333,5,0,10,5,15
19,0.08333333333333333,0.38461538461538464,5,0,8,5,13
8,0.07692307692307693,0.38461538461538464,5,0,8,5,13
11,0.07692307692307693,0.5,5,0,5,5,10
9,0.07407407407407407,0.5,5,0,5,5,10
12,0.07407407407407407,0.5,5,0,5,5,10
13,0.07407407407407407,0.5,5,0,5,5,10
14,0.07142857142857142,0.5,5,0,5,5,10
15,0.07142857142857142,0.5,5,0,5,5,10
18,0.07142857142857142,0.5555555555555556,5,0,4,5,9
10,0.041666666666666664,0.7142857142857143,5,0,2,5,7
16,0.038461538461538464,0.7142857142857143,5,0,2,5,7
17,0.037037037037037035,0.7142857142857143,5,0,2,5,7
1,0.0,0.5714285714285714,4,1,2,5,6
2,0.0,0.6666666666666666,4,1,1,5,5
4,0.0,0.16666666666666666,1,4,1,5,2
5,0.0,0.16666666666666666,1,4,1,5,2
6,0.0,0.16666666666666666,1,4,1,5,2
